{"train/Last100EpisodeScores":2.625,"critc_loss":0.8637449741363525,"_timestamp":1.744318342477211e+09,"_runtime":261.295397796,"_step":0,"_wandb":{"runtime":477}}