{"_timestamp":1.7441475810801375e+09,"_runtime":65.422478288,"_step":0,"train/Last100EpisodeScores":-2.0833333333333335,"_wandb":{"runtime":120},"critc_loss":1.1594948768615723}