{"train/Last100EpisodeScores":0,"critc_loss":0.26817548274993896,"_timestamp":1.7443386194017327e+09,"_runtime":14526.485268069,"_step":15,"_wandb":{"runtime":15202}}