critc_loss,train/Last100EpisodeScores
5.028663635253906,0.0
1.6964638233184814,3.2291666666666665
1.8203437328338623,5.479166666666667
4.433163642883301,7.338541666666667
9.900834083557129,12.858805083805084
4.5565972328186035,14.338640005827505
9.050333023071289,14.617730104862458
15.419585227966309,18.356359039511215
2.6454572677612305,20.266205218952194
34.35303497314453,20.58049815513051
7.785264492034912,20.678253878711196
