{"train/Last100EpisodeScores": 0.0, "critc_loss": 5.028663635253906}
{"train/Last100EpisodeScores": 3.2291666666666665, "critc_loss": 1.6964638233184814}
{"train/Last100EpisodeScores": 5.479166666666667, "critc_loss": 1.8203437328338623}
{"train/Last100EpisodeScores": 7.338541666666667, "critc_loss": 4.433163642883301}
{"train/Last100EpisodeScores": 12.858805083805084, "critc_loss": 9.900834083557129}
{"train/Last100EpisodeScores": 14.338640005827505, "critc_loss": 4.5565972328186035}
{"train/Last100EpisodeScores": 14.617730104862458, "critc_loss": 9.050333023071289}
{"train/Last100EpisodeScores": 18.356359039511215, "critc_loss": 15.419585227966309}
{"train/Last100EpisodeScores": 20.266205218952194, "critc_loss": 2.6454572677612305}
{"train/Last100EpisodeScores": 20.58049815513051, "critc_loss": 34.35303497314453}
{"train/Last100EpisodeScores": 20.678253878711196, "critc_loss": 7.785264492034912}
