{"_wandb":{"runtime":75},"train/Last100EpisodeScores":-5.625,"critc_loss":10.896766662597656,"_timestamp":1.7441477667592003e+09,"_runtime":70.363152155,"_step":0}