{"_wandb":{"runtime":658},"critc_loss":76.83755493164062,"_timestamp":1.7441472949569209e+09,"_runtime":533.950400052,"_step":5,"train/Last100EpisodeScores":2.172619047619048}