{"_wandb":{"runtime":8867},"critc_loss":0.6212549805641174,"_timestamp":1.7441406660583222e+09,"_runtime":8821.149811446,"_step":76,"train/Last100EpisodeScores":25.71875}