{"_runtime":5278.55023959,"_step":51,"train/Last100EpisodeScores":19.25,"_wandb":{"runtime":5378},"critc_loss":13.788986206054688,"_timestamp":1.744146486386382e+09}