{"critc_loss":6.039669036865234,"_timestamp":1.7441574063582413e+09,"_runtime":8575.938531442,"_wandb":{"runtime":8625},"_step":67,"train/Last100EpisodeScores":26.675}