{"_timestamp":1.7441487619656322e+09,"_wandb":{"runtime":1004},"_runtime":952.81983331,"_step":8,"train/Last100EpisodeScores":7.753525641025641,"critc_loss":9.187751770019531}